CREATE DATABASE warehouse;

USE warehouse;

CREATE TABLE customers (
  id int(11) NOT NULL AUTO_INCREMENT,
  first_name varchar(256),
  last_name varchar(256),
  address varchar(256),
  city varchar(256),
  state varchar(256),
  postal_code varchar(256),
  country varchar(256),
  email varchar(256),
  success boolean,
  message varchar(256),
  PRIMARY KEY (id)
);

CREATE TABLE inventory (
  id int(11) NOT NULL AUTO_INCREMENT,
  name varchar(256),
  price float,
  success boolean,
  message varchar(256),
  PRIMARY KEY (id)
);
 
CREATE TABLE orders (
  id int(11) NOT NULL AUTO_INCREMENT,
  customer_id int(11) NOT NULL,
  date date,
  success boolean,
  message varchar(256),
  FOREIGN KEY (customer_id) REFERENCES customers (id),
  PRIMARY KEY (id)
);

CREATE TABLE inventory_orders (
  inventory_id int(11) NOT NULL,
  order_id int(11) NOT NULL,
  quantity int(11),
  success boolean,
  message varchar(256),
  FOREIGN KEY (inventory_id) REFERENCES inventory (id),
  FOREIGN KEY (order_id) REFERENCES orders (id),
  PRIMARY KEY (inventory_id, order_id)
);

INSERT INTO customers(
  id,
  first_name, 
  last_name, 
  address, 
  city, 
  state, 
  postal_code, 
  country, 
  email, 
  success, 
  message
) VALUES
  (1, 'John', 'Doe', '123 Main St', 'Anytown', 'CA', '12345', 'USA', 'johndoe@example.com', NULL, NULL),
  (2, 'Jane', 'Smith', '456 Elm St', 'Smallville', 'NY', '54321', 'USA', 'janesmith@example.com', NULL, NULL),
  (3, 'Bob', 'Johnson', '789 Oak St', 'Bigtown', 'TX', '67890', 'USA', 'bobjohnson@example.com', NULL, NULL),
  (4, 'Sarah', 'Lee', '101 Maple Ave', 'Midtown', 'IL', '13579', 'USA', 'sarahlee@example.com', NULL, NULL),
  (5, 'Alex', 'Kim', '246 Broadway', 'Downtown', 'MA', '97531', 'USA', 'alexkim@example.com', NULL, NULL),
  (6, 'Emily', 'Wang', '369 Cedar St', 'Uptown', 'WA', '24680', 'USA', 'emilywang@example.com', NULL, NULL),
  (7, 'Michael', 'Chen', '753 Pine St', 'Suburbia', 'NJ', '86420', 'USA', 'michaelchen@example.com', NULL, NULL),
  (8, 'Maria', 'Garcia', '987 Fifth Ave', 'Metropolis', 'IL', '12345', 'USA', 'mariagarcia@example.com', NULL, NULL),
  (9, 'David', 'Lee', '159 Main St', 'Cityville', 'CA', '54321', 'USA', 'davidlee@example.com', NULL, NULL),
  (10, 'Rachel', 'Kim', '753 Oak St', 'Smallville', 'NY', '97531', 'USA', 'rachelkim@example.com', NULL, NULL),
  (11, 'Jason', 'Nguyen', '246 Elm St', 'Bigtown', 'TX', '86420', 'USA', 'jasonnguyen@example.com', NULL, NULL),
  (12, 'Lauren', 'Tran', '369 Maple Ave', 'Midtown', 'IL', '24680', 'USA', 'laurentran@example.com', NULL, NULL);

INSERT INTO inventory(
  id,
  name,
  price,
  success, 
  message
) VALUES
  (1, 'Steel Rod', 5.99, NULL, NULL),
  (2, 'Aluminum Sheet', 8.99, NULL, NULL),
  (3, 'Copper Wire', 12.99, NULL, NULL),
  (4, 'Rubber Hose', 3.99, NULL, NULL),
  (5, 'PVC Pipe', 2.99, NULL, NULL),
  (6, 'Ball Bearings', 1.99, NULL, NULL),
  (7, 'Nuts and Bolts', 0.99, NULL, NULL),
  (8, 'Lumber', 7.99, NULL, NULL),
  (9, 'Drywall Sheets', 12.99, NULL, NULL),
  (10, 'Paint', 15.99, NULL, NULL),
  (11, 'Screws', 0.49, NULL, NULL),
  (12, 'Nails', 0.49, NULL, NULL),
  (13, 'Wood Glue', 5.99, NULL, NULL),
  (14, 'Metal Brackets', 2.99, NULL, NULL),
  (15, 'Circuit Boards', 10.99, NULL, NULL),
  (16, 'LEDs', 0.99, NULL, NULL),
  (17, 'Solder', 4.99, NULL, NULL),
  (18, 'Resistors', 0.49, NULL, NULL),
  (19, 'Capacitors', 0.99, NULL, NULL),
  (20, 'Plastic containers', 0.50, NULL, NULL),
  (21, 'Cardboard boxes', 0.75, NULL, NULL),
  (22, 'Packing tape', 1.99, NULL, NULL),
  (23, 'Bubble wrap', 2.99, NULL, NULL),
  (24, 'Shipping labels', 0.25, NULL, NULL),
  (25, 'Packaging peanuts', 1.99, NULL, NULL);

INSERT INTO orders(
  id,
  customer_id,
  date,
  success,
  message
) VALUES
  (1, 1, '2023-03-30', NULL, NULL),
  (2, 2, '2023-03-29', NULL, NULL),
  (3, 3, '2023-03-25', NULL, NULL),
  (4, 2, '2023-03-24', NULL, NULL),
  (5, 4, '2023-03-21', NULL, NULL),
  (6, 4, '2023-03-20', NULL, NULL),
  (7, 10, '2023-03-20', NULL, NULL),
  (8, 10, '2023-03-19', NULL, NULL),
  (9, 12, '2023-03-18', NULL, NULL),
  (10, 6, '2023-03-18', NULL, NULL),
  (11, 8, '2023-03-18', NULL, NULL),
  (12, 3, '2023-03-16', NULL, NULL),
  (13, 7, '2023-03-15', NULL, NULL),
  (14, 2, '2023-03-15', NULL, NULL),
  (15, 1, '2023-03-14', NULL, NULL),
  (16, 6, '2023-03-13', NULL, NULL),
  (17, 11, '2023-03-12', NULL, NULL),
  (18, 12, '2023-03-11', NULL, NULL),
  (19, 2, '2023-03-10', NULL, NULL),
  (20, 6, '2023-03-09', NULL, NULL),
  (21, 12, '2023-03-08', NULL, NULL),
  (22, 2, '2023-03-07', NULL, NULL),
  (23, 3, '2023-03-06', NULL, NULL),
  (24, 2, '2023-03-05', NULL, NULL),
  (25, 6, '2023-03-04', NULL, NULL),
  (26, 9, '2023-03-03', NULL, NULL),
  (27, 4, '2023-03-02', NULL, NULL),
  (28, 12, '2023-03-01', NULL, NULL),
  (29, 2, '2023-02-28', NULL, NULL),
  (30, 10, '2023-02-27', NULL, NULL),
  (31, 1, '2023-02-26', NULL, NULL),
  (32, 2, '2023-02-25', NULL, NULL),
  (33, 3, '2023-02-24', NULL, NULL),
  (34, 2, '2023-02-23', NULL, NULL),
  (35, 4, '2023-02-22', NULL, NULL),
  (36, 4, '2023-02-21', NULL, NULL),
  (37, 10, '2023-02-20', NULL, NULL),
  (38, 10, '2023-02-19', NULL, NULL),
  (39, 12, '2023-02-18', NULL, NULL),
  (40, 6, '2023-02-17', NULL, NULL);

INSERT INTO inventory_orders(
  inventory_id,
  order_id,
  quantity,
  success,
  message
) VALUES
  (1, 1, 3, NULL, NULL),
  (1, 31, 3, NULL, NULL),
  (1, 21, 3, NULL, NULL),
  (2, 1, 1, NULL, NULL),
  (2, 10, 1, NULL, NULL),
  (2, 13, 2, NULL, NULL),
  (2, 18, 3, NULL, NULL),
  (2, 30, 8, NULL, NULL),
  (2, 31, 1, NULL, NULL),
  (2, 40, 1, NULL, NULL),
  (2, 33, 2, NULL, NULL),
  (2, 28, 3, NULL, NULL),
  (2, 11, 8, NULL, NULL),
  (2, 32, 1, NULL, NULL),
  (2, 2, 1, NULL, NULL),
  (2, 3, 2, NULL, NULL),
  (2, 4, 3, NULL, NULL),
  (2, 5, 8, NULL, NULL),
  (3, 1, 2, NULL, NULL),
  (3, 7, 1, NULL, NULL),
  (3, 17, 5, NULL, NULL),
  (3, 28, 4, NULL, NULL),
  (3, 34, 2, NULL, NULL),
  (3, 37, 1, NULL, NULL),
  (3, 40, 5, NULL, NULL),
  (3, 16, 4, NULL, NULL),
  (3, 31, 2, NULL, NULL),
  (3, 27, 1, NULL, NULL),
  (3, 19, 5, NULL, NULL),
  (3, 26, 4, NULL, NULL),
  (4, 2, 1, NULL, NULL),
  (4, 13, 2, NULL, NULL),
  (4, 18, 2, NULL, NULL),
  (4, 20, 5, NULL, NULL),
  (4, 32, 1, NULL, NULL),
  (4, 33, 2, NULL, NULL),
  (4, 38, 2, NULL, NULL),
  (4, 30, 5, NULL, NULL),
  (4, 12, 1, NULL, NULL),
  (4, 23, 2, NULL, NULL),
  (4, 28, 2, NULL, NULL),
  (4, 31, 5, NULL, NULL),
  (5, 8, 2, NULL, NULL),
  (5, 11, 2, NULL, NULL),
  (5, 38, 2, NULL, NULL),
  (5, 13, 2, NULL, NULL),
  (5, 28, 2, NULL, NULL),
  (5, 14, 2, NULL, NULL),
  (6, 12, 2, NULL, NULL),
  (6, 26, 2, NULL, NULL),
  (6, 22, 2, NULL, NULL),
  (6, 27, 2, NULL, NULL),
  (6, 25, 2, NULL, NULL),
  (6, 36, 2, NULL, NULL),
  (7, 12, 1, NULL, NULL),
  (7, 26, 2, NULL, NULL),
  (7, 16, 1, NULL, NULL),
  (7, 6, 2, NULL, NULL),
  (7, 27, 1, NULL, NULL),
  (7, 36, 2, NULL, NULL),
  (8, 3, 2, NULL, NULL),
  (8, 8, 2, NULL, NULL),
  (8, 11, 4, NULL, NULL),
  (8, 20, 2, NULL, NULL),
  (8, 29, 3, NULL, NULL),
  (8, 33, 2, NULL, NULL),
  (8, 38, 2, NULL, NULL),
  (8, 1, 4, NULL, NULL),
  (8, 30, 2, NULL, NULL),
  (8, 21, 3, NULL, NULL),
  (8, 18, 2, NULL, NULL),
  (8, 28, 2, NULL, NULL),
  (8, 9, 4, NULL, NULL),
  (8, 10, 2, NULL, NULL),
  (8, 19, 3, NULL, NULL),
  (9, 5, 1, NULL, NULL),
  (9, 35, 1, NULL, NULL),
  (9, 15, 1, NULL, NULL),
  (10, 4, 2, NULL, NULL),
  (10, 9, 6, NULL, NULL),
  (10, 14, 6, NULL, NULL),
  (10, 25, 2, NULL, NULL),
  (10, 34, 2, NULL, NULL),
  (10, 39, 6, NULL, NULL),
  (10, 24, 6, NULL, NULL),
  (10, 33, 2, NULL, NULL),
  (10, 23, 2, NULL, NULL),
  (10, 29, 6, NULL, NULL),
  (10, 31, 6, NULL, NULL),
  (10, 20, 2, NULL, NULL),
  (11, 10, 3, NULL, NULL),
  (11, 40, 3, NULL, NULL),
  (11, 30, 3, NULL, NULL),
  (12, 5, 3, NULL, NULL),
  (12, 11, 4, NULL, NULL),
  (12, 20, 2, NULL, NULL),
  (12, 23, 3, NULL, NULL),
  (12, 35, 3, NULL, NULL),
  (12, 21, 4, NULL, NULL),
  (12, 10, 2, NULL, NULL),
  (12, 13, 3, NULL, NULL),
  (12, 15, 3, NULL, NULL),
  (12, 9, 4, NULL, NULL),
  (12, 17, 2, NULL, NULL),
  (12, 18, 3, NULL, NULL),
  (13, 10, 4, NULL, NULL),
  (13, 30, 5, NULL, NULL),
  (13, 20, 4, NULL, NULL),
  (13, 29, 5, NULL, NULL),
  (13, 12, 4, NULL, NULL),
  (13, 13, 5, NULL, NULL),
  (14, 6, 4, NULL, NULL),
  (14, 15, 1, NULL, NULL),
  (14, 19, 8, NULL, NULL),
  (14, 24, 1, NULL, NULL),
  (14, 36, 4, NULL, NULL),
  (14, 25, 1, NULL, NULL),
  (14, 29, 8, NULL, NULL),
  (14, 34, 1, NULL, NULL),
  (14, 26, 4, NULL, NULL),
  (14, 35, 1, NULL, NULL),
  (14, 39, 8, NULL, NULL),
  (14, 32, 1, NULL, NULL),
  (15, 6, 2, NULL, NULL),
  (15, 15, 1, NULL, NULL),
  (15, 23, 3, NULL, NULL),
  (15, 27, 1, NULL, NULL),
  (15, 36, 2, NULL, NULL),
  (15, 25, 1, NULL, NULL),
  (15, 29, 3, NULL, NULL),
  (15, 17, 1, NULL, NULL),
  (15, 16, 2, NULL, NULL),
  (15, 10, 1, NULL, NULL),
  (15, 13, 3, NULL, NULL),
  (15, 11, 1, NULL, NULL),
  (16, 6, 1, NULL, NULL),
  (16, 10, 2, NULL, NULL),
  (16, 21, 2, NULL, NULL),
  (16, 36, 1, NULL, NULL),
  (16, 12, 2, NULL, NULL),
  (16, 11, 2, NULL, NULL),
  (16, 18, 1, NULL, NULL),
  (16, 19, 2, NULL, NULL),
  (16, 23, 2, NULL, NULL),
  (17, 21, 3, NULL, NULL),
  (17, 28, 2, NULL, NULL),
  (17, 11, 3, NULL, NULL),
  (17, 30, 2, NULL, NULL),
  (17, 31, 3, NULL, NULL),
  (17, 18, 2, NULL, NULL),
  (18, 21, 1, NULL, NULL),
  (18, 25, 4, NULL, NULL),
  (18, 23, 1, NULL, NULL),
  (18, 24, 4, NULL, NULL),
  (18, 31, 1, NULL, NULL),
  (18, 35, 4, NULL, NULL),
  (19, 22, 1, NULL, NULL),
  (19, 25, 4, NULL, NULL),
  (19, 29, 1, NULL, NULL),
  (19, 21, 4, NULL, NULL),
  (19, 12, 1, NULL, NULL),
  (19, 15, 4, NULL, NULL);